CustomerID,Age,Gender,Income,SpendingScore,Region,PurchaseFrequency,AvgOrderValue,Recency,TotalSpend,Cluster
CUST_00001,47.0,Male,53998.0,56.0,East,7,511,7,3577,0
CUST_00002,37.0,Male,37669.0,21.0,East,4,456,39,1824,0
CUST_00003,49.0,Female,69102.0,53.0,Central,15,727,1,10905,1
CUST_00004,62.0,Female,99006.0,94.0,South,14,958,23,13412,1
CUST_00005,36.0,Male,24181.0,43.0,West,10,282,47,2820,0
CUST_00006,36.0,Female,58223.0,41.0,North,8,575,9,4600,0
CUST_00007,63.0,Male,66506.0,55.0,West,9,746,27,6714,1
CUST_00008,51.0,Female,74761.0,71.0,South,11,730,33,8030,1
CUST_00009,32.0,Female,60880.0,50.0,South,8,531,31,4248,0
CUST_00010,48.0,Female,45234.0,43.0,Central,9,443,17,3987,0
CUST_00011,33.0,Female,53742.0,46.0,East,9,520,12,4680,0
CUST_00012,33.0,Female,,38.0,East,7,256,54,1792,0
CUST_00013,43.0,Male,81818.0,60.0,South,19,847,42,16093,1
CUST_00014,18.0,Female,,29.0,Central,7,590,11,4130,0
CUST_00015,18.0,Male,88942.0,54.0,Central,11,833,3,9163,1
CUST_00016,31.0,Female,68542.0,17.0,North,1,734,2,734,0
CUST_00017,24.0,Female,40484.0,25.0,East,3,374,2,1122,0
CUST_00018,44.0,Female,27286.0,37.0,South,4,271,26,1084,0
CUST_00019,26.0,Male,20000.0,21.0,West,8,193,1,1544,0
CUST_00020,18.0,Female,20000.0,42.0,East,8,198,12,1584,0
CUST_00021,61.0,Female,75745.0,75.0,North,14,781,41,10934,1
CUST_00022,36.0,Female,64718.0,10.0,Central,2,595,10,1190,0
CUST_00023,41.0,Male,34082.0,44.0,South,9,405,43,3645,0
CUST_00024,18.0,Male,65153.0,66.0,East,21,676,41,14196,1
CUST_00025,31.0,Male,46045.0,30.0,West,6,502,8,3012,0
CUST_00026,41.0,Male,60887.0,58.0,North,13,569,39,7397,0
CUST_00027,22.0,Female,92874.0,62.0,North,9,873,41,7857,1
CUST_00028,45.0,Male,79395.0,76.0,East,18,853,15,15354,1
CUST_00029,30.0,Other,59598.0,,West,2,538,7,1076,0
CUST_00030,35.0,Male,44472.0,14.0,North,1,452,22,452,0
CUST_00031,30.0,Male,20000.0,29.0,South,6,250,76,1500,0
CUST_00032,67.0,Female,61170.0,47.0,North,11,605,30,6655,1
CUST_00033,39.0,Female,57907.0,42.0,West,10,637,5,6370,0
CUST_00034,24.0,Female,23521.0,17.0,Central,3,221,34,663,0
CUST_00035,,Female,62432.0,42.0,Central,9,560,16,5040,0
CUST_00036,21.0,Female,57214.0,55.0,East,11,590,26,6490,0
CUST_00037,43.0,Male,57355.0,49.0,West,12,583,39,6996,0
CUST_00038,18.0,Other,29973.0,37.0,North,6,434,21,2604,0
CUST_00039,20.0,Other,54078.0,36.0,North,9,493,50,4437,0
CUST_00040,42.0,Female,78972.0,,Central,20,777,38,15540,1
CUST_00041,51.0,Male,50394.0,26.0,Central,2,467,28,934,0
CUST_00042,42.0,Female,,82.0,South,23,888,4,20424,1
CUST_00043,38.0,Male,62462.0,73.0,Central,9,615,54,5535,0
CUST_00044,35.0,Male,56770.0,59.0,South,13,524,82,6812,0
CUST_00045,18.0,Male,55644.0,45.0,North,3,579,4,1737,0
CUST_00046,29.0,Male,55364.0,39.0,South,5,542,20,2710,0
CUST_00047,33.0,Female,84135.0,90.0,South,17,908,8,15436,1
CUST_00048,55.0,Female,72275.0,53.0,East,16,690,42,11040,1
CUST_00049,45.0,Female,49598.0,30.0,Central,6,589,38,3534,0
CUST_00050,18.0,Male,55730.0,42.0,South,7,571,4,3997,0
CUST_00051,44.0,Male,49226.0,74.0,North,13,555,62,7215,1
CUST_00052,34.0,Male,68042.0,57.0,West,9,686,5,6174,0
CUST_00053,29.0,Other,65751.0,30.0,South,7,618,47,4326,0
CUST_00054,49.0,Male,60042.0,43.0,Central,11,587,18,6457,0
CUST_00055,55.0,Female,66810.0,37.0,East,13,598,11,7774,1
CUST_00056,53.0,Female,21715.0,24.0,North,6,211,5,1266,0
CUST_00057,27.0,Male,50765.0,69.0,East,17,516,5,8772,1
CUST_00058,35.0,Female,54243.0,22.0,West,5,544,32,2720,0
CUST_00059,44.0,Female,66861.0,82.0,South,15,735,23,11025,1
CUST_00060,54.0,Female,41379.0,66.0,South,16,406,3,6496,0
CUST_00061,32.0,Female,79144.0,91.0,Central,26,696,3,18096,1
CUST_00062,37.0,Male,37683.0,28.0,South,6,554,2,3324,0
CUST_00063,23.0,Male,68769.0,47.0,North,11,653,40,7183,0
CUST_00064,22.0,Female,57783.0,21.0,West,4,626,37,2504,0
CUST_00065,52.0,Female,50785.0,39.0,East,10,432,1,4320,0
CUST_00066,60.0,Male,109995.0,82.0,West,11,1112,24,12232,1
CUST_00067,38.0,Female,30280.0,54.0,South,15,263,2,3945,0
CUST_00068,55.0,Female,87389.0,58.0,East,19,732,70,13908,1
CUST_00069,45.0,Female,89165.0,69.0,Central,12,877,71,10524,1
CUST_00070,30.0,Male,,32.0,West,9,395,35,3555,0
CUST_00071,45.0,Female,87324.0,54.0,East,12,862,78,10344,1
CUST_00072,63.0,Female,65620.0,61.0,East,10,668,50,6680,1
CUST_00073,39.0,Male,71833.0,,East,11,704,52,7744,1
CUST_00074,63.0,Male,77951.0,72.0,North,6,782,25,4692,1
CUST_00075,18.0,Other,44657.0,40.0,West,5,455,10,2275,0
CUST_00076,52.0,Male,85087.0,63.0,East,16,849,7,13584,1
CUST_00077,41.0,Female,71487.0,74.0,West,11,706,11,7766,1
CUST_00078,35.0,Female,26661.0,31.0,East,5,221,29,1105,0
CUST_00079,41.0,Male,89258.0,69.0,Central,13,922,5,11986,1
CUST_00080,18.0,Female,20000.0,24.0,Central,4,185,8,740,0
CUST_00081,36.0,Male,75167.0,79.0,Central,7,733,18,5131,1
CUST_00082,45.0,Female,81165.0,99.0,South,21,837,7,17577,1
CUST_00083,62.0,Male,52145.0,52.0,East,10,532,26,5320,0
CUST_00084,32.0,Female,54702.0,69.0,South,18,512,76,9216,1
CUST_00085,27.0,Male,29054.0,14.0,West,1,353,41,353,0
CUST_00086,32.0,Male,54767.0,53.0,South,10,488,32,4880,0
CUST_00087,53.0,Other,50339.0,28.0,West,5,451,26,2255,0
CUST_00088,44.0,Male,75250.0,52.0,West,10,785,20,7850,1
CUST_00089,32.0,Female,82825.0,63.0,West,18,915,6,16470,1
CUST_00090,47.0,Male,87397.0,,South,25,845,67,21125,1
CUST_00091,41.0,Female,45203.0,69.0,East,11,472,8,5192,0
CUST_00092,54.0,Male,59896.0,54.0,South,11,539,2,5929,0
CUST_00093,29.0,Other,23114.0,12.0,East,1,184,41,184,0
CUST_00094,35.0,Male,41171.0,46.0,East,9,468,5,4212,0
CUST_00095,34.0,Male,65847.0,56.0,West,8,676,13,5408,0
CUST_00096,18.0,Male,71708.0,77.0,South,18,775,1,13950,1
CUST_00097,44.0,Male,34859.0,7.0,East,1,402,4,402,0
CUST_00098,43.0,Female,52535.0,32.0,Central,6,420,5,2520,0
CUST_00099,40.0,Male,46379.0,48.0,East,13,403,1,5239,0
CUST_00100,36.0,Female,61814.0,60.0,Central,12,631,32,7572,1
CUST_00101,18.0,Male,31176.0,2.0,South,1,226,54,226,0
CUST_00102,33.0,Male,72680.0,72.0,South,22,674,14,14828,1
CUST_00103,34.0,Female,46340.0,52.0,South,10,534,62,5340,0
CUST_00104,27.0,Female,55980.0,66.0,East,18,532,7,9576,1
CUST_00105,37.0,Male,70825.0,85.0,North,15,743,11,11145,1
CUST_00106,46.0,Male,,61.0,East,13,528,4,6864,0
CUST_00107,68.0,Male,69306.0,34.0,East,6,659,29,3954,0
CUST_00108,42.0,Female,60497.0,11.0,West,3,521,16,1563,0
CUST_00109,43.0,Female,62870.0,42.0,West,9,640,28,5760,0
CUST_00110,38.0,Male,71908.0,90.0,East,20,791,43,15820,1
CUST_00111,18.0,Female,34403.0,55.0,Central,14,311,23,4354,0
CUST_00112,39.0,Female,100757.0,85.0,West,14,1010,29,14140,1
CUST_00113,40.0,Female,70426.0,81.0,East,18,628,82,11304,1
CUST_00114,76.0,Female,73591.0,80.0,North,17,702,10,11934,1
CUST_00115,37.0,Male,72905.0,66.0,Central,12,746,13,8952,1
CUST_00116,44.0,Male,53783.0,47.0,South,11,575,37,6325,0
CUST_00117,39.0,Male,80774.0,100.0,East,15,835,28,12525,1
CUST_00118,22.0,Male,60975.0,31.0,East,5,508,5,2540,0
CUST_00119,57.0,Female,59139.0,82.0,Central,18,568,14,10224,1
CUST_00120,51.0,Female,78674.0,70.0,West,11,738,18,8118,1
CUST_00121,51.0,Male,32469.0,54.0,West,7,309,16,2163,0
CUST_00122,26.0,Male,25685.0,13.0,West,1,251,5,251,0
CUST_00123,61.0,Male,44677.0,61.0,South,17,500,77,8500,1
CUST_00124,18.0,Female,59144.0,35.0,Central,4,606,43,2424,0
CUST_00125,48.0,Male,96489.0,53.0,Central,6,1035,19,6210,1
CUST_00126,72.0,Female,122547.0,78.0,West,14,1190,34,16660,1
CUST_00127,25.0,Male,62493.0,70.0,West,15,554,68,8310,1
CUST_00128,31.0,Male,70096.0,62.0,North,14,773,4,10822,1
CUST_00129,41.0,Other,28535.0,12.0,North,2,307,8,614,0
CUST_00130,32.0,Other,55163.0,48.0,East,12,514,23,6168,0
CUST_00131,18.0,Male,33366.0,33.0,East,8,355,48,2840,0
CUST_00132,,Female,52055.0,60.0,Central,12,562,1,6744,0
CUST_00133,24.0,Female,50030.0,68.0,Central,13,506,124,6578,0
CUST_00134,47.0,Female,61069.0,48.0,South,11,574,18,6314,0
CUST_00135,26.0,Male,20000.0,62.0,South,13,177,13,2301,0
CUST_00136,63.0,Female,90457.0,78.0,North,9,919,10,8271,1
CUST_00137,28.0,Female,32410.0,29.0,East,6,334,5,2004,0
CUST_00138,35.0,Female,62689.0,17.0,North,8,687,47,5496,0
CUST_00139,52.0,Male,108392.0,71.0,North,9,1070,93,9630,1
CUST_00140,21.0,Male,34325.0,29.0,East,4,295,16,1180,0
CUST_00141,43.0,Male,20000.0,49.0,South,11,328,91,3608,0
CUST_00142,59.0,Female,65192.0,59.0,East,9,660,52,5940,1
CUST_00143,18.0,Male,79909.0,57.0,West,15,840,19,12600,1
CUST_00144,42.0,Female,105707.0,77.0,West,19,1083,33,20577,1
CUST_00145,43.0,Other,41851.0,63.0,West,11,427,17,4697,0
CUST_00146,51.0,Male,73624.0,97.0,Central,15,724,24,10860,1
CUST_00147,21.0,Female,37699.0,48.0,South,11,236,1,2596,0
CUST_00148,20.0,Male,53625.0,65.0,South,14,483,35,6762,0
CUST_00149,47.0,Female,121299.0,75.0,Central,11,1229,1,13519,1
CUST_00150,44.0,Male,39884.0,,North,10,262,50,2620,0
CUST_00151,43.0,Female,64151.0,74.0,West,15,645,52,9675,1
CUST_00152,45.0,Female,71270.0,,West,14,745,8,10430,1
CUST_00153,29.0,Female,68840.0,43.0,North,7,730,11,5110,0
CUST_00154,43.0,Female,62094.0,34.0,East,6,650,19,3900,0
CUST_00155,44.0,Female,73724.0,80.0,East,12,785,27,9420,1
CUST_00156,29.0,Female,45157.0,74.0,South,11,531,10,5841,0
CUST_00157,67.0,Female,82294.0,66.0,Central,15,877,26,13155,1
CUST_00158,47.0,Female,56215.0,2.0,South,1,571,10,571,0
CUST_00159,22.0,Male,65987.0,41.0,East,8,653,1,5224,0
CUST_00160,49.0,Female,51869.0,68.0,North,19,524,1,9956,1
CUST_00161,25.0,Female,61355.0,60.0,South,9,599,3,5391,0
CUST_00162,51.0,Female,50426.0,58.0,West,10,560,47,5600,0
CUST_00163,57.0,Male,90457.0,70.0,West,25,933,97,23325,1
CUST_00164,27.0,Female,45174.0,24.0,North,7,432,16,3024,0
CUST_00165,54.0,Male,37988.0,42.0,East,10,446,21,4460,0
CUST_00166,46.0,Female,92673.0,62.0,West,10,912,4,9120,1
CUST_00167,52.0,Male,50670.0,93.0,West,15,459,24,6885,1
CUST_00168,68.0,Female,68723.0,61.0,Central,14,686,4,9604,1
CUST_00169,36.0,Other,42051.0,38.0,South,4,379,28,1516,0
CUST_00170,28.0,Male,91064.0,65.0,East,15,957,81,14355,1
CUST_00171,26.0,Other,20000.0,33.0,South,6,157,6,942,0
CUST_00172,27.0,Male,115927.0,71.0,East,11,1153,43,12683,1
CUST_00173,38.0,Female,,91.0,West,16,911,1,14576,1
CUST_00174,45.0,Female,61997.0,53.0,Central,11,584,14,6424,0
CUST_00175,44.0,Female,57360.0,35.0,South,6,594,3,3564,0
CUST_00176,52.0,Female,69119.0,87.0,West,26,642,13,16692,1
CUST_00177,40.0,Female,68422.0,50.0,East,11,696,5,7656,1
CUST_00178,61.0,Male,78427.0,86.0,South,11,812,14,8932,1
CUST_00179,36.0,Male,75937.0,65.0,South,16,757,16,12112,1
CUST_00180,80.0,Female,80497.0,80.0,West,14,806,10,11284,1
CUST_00181,49.0,Female,62815.0,56.0,South,9,650,32,5850,0
CUST_00182,27.0,Female,48477.0,12.0,Central,4,470,75,1880,0
CUST_00183,23.0,Female,39418.0,65.0,Central,16,438,15,7008,0
CUST_00184,47.0,Male,88057.0,94.0,West,17,949,6,16133,1
CUST_00185,36.0,Female,61019.0,42.0,East,5,563,9,2815,0
CUST_00186,50.0,Male,,18.0,West,3,288,57,864,0
CUST_00187,47.0,Female,70308.0,80.0,Central,25,687,25,17175,1
CUST_00188,38.0,Male,73508.0,76.0,North,22,834,18,18348,1
CUST_00189,27.0,Male,58537.0,57.0,North,18,570,4,10260,1
CUST_00190,18.0,Male,42758.0,53.0,South,6,462,17,2772,0
CUST_00191,33.0,Male,86058.0,82.0,South,15,895,9,13425,1
CUST_00192,52.0,Female,81170.0,96.0,North,20,792,86,15840,1
CUST_00193,43.0,Male,49356.0,61.0,Central,8,497,64,3976,0
CUST_00194,21.0,Male,60591.0,29.0,South,6,677,2,4062,0
CUST_00195,42.0,Male,43499.0,77.0,West,17,418,21,7106,0
CUST_00196,45.0,Male,41833.0,82.0,West,19,397,7,7543,1
CUST_00197,26.0,Male,44999.0,100.0,Central,19,392,15,7448,1
CUST_00198,42.0,Male,80304.0,58.0,South,8,881,62,7048,1
CUST_00199,40.0,Female,71433.0,78.0,West,13,690,22,8970,1
CUST_00200,22.0,Female,57396.0,8.0,South,1,633,12,633,0
CUST_00201,45.0,Female,76952.0,83.0,South,19,739,6,14041,1
CUST_00202,48.0,Male,75306.0,66.0,West,12,811,48,9732,1
CUST_00203,56.0,Male,49906.0,88.0,North,21,539,29,11319,1
CUST_00204,55.0,Female,88600.0,,West,9,874,18,7866,1
CUST_00205,19.0,Female,74074.0,49.0,Central,9,704,7,6336,0
CUST_00206,25.0,Male,71483.0,67.0,East,16,682,12,10912,1
CUST_00207,47.0,Male,88170.0,45.0,West,8,848,96,6784,1
CUST_00208,47.0,Male,77137.0,86.0,South,23,824,22,18952,1
CUST_00209,47.0,Male,66301.0,8.0,South,2,671,15,1342,0
CUST_00210,80.0,Male,101790.0,75.0,West,22,962,22,21164,1
CUST_00211,48.0,Female,65274.0,8.0,East,2,640,45,1280,0
CUST_00212,57.0,Female,45024.0,43.0,West,3,443,12,1329,0
CUST_00213,54.0,Female,65828.0,82.0,East,24,551,5,13224,1
CUST_00214,49.0,Female,49325.0,57.0,East,8,483,26,3864,0
CUST_00215,35.0,Female,35183.0,22.0,Central,1,387,32,387,0
CUST_00216,51.0,Female,58775.0,49.0,South,7,580,37,4060,0
CUST_00217,28.0,Female,36922.0,35.0,South,3,381,64,1143,0
CUST_00218,36.0,Male,61988.0,59.0,East,9,644,13,5796,0
CUST_00219,32.0,Male,21684.0,14.0,South,4,199,2,796,0
CUST_00220,41.0,Male,58717.0,61.0,North,11,623,95,6853,0
CUST_00221,74.0,Female,79551.0,34.0,East,7,868,17,6076,1
CUST_00222,18.0,Female,25921.0,25.0,South,4,183,29,732,0
CUST_00223,50.0,Male,84082.0,67.0,North,15,823,32,12345,1
CUST_00224,18.0,Female,66395.0,62.0,Central,11,780,23,8580,1
CUST_00225,32.0,Male,24154.0,35.0,South,8,250,6,2000,0
CUST_00226,56.0,Female,59761.0,21.0,North,1,595,42,595,0
CUST_00227,40.0,Male,38826.0,20.0,West,5,375,48,1875,0
CUST_00228,23.0,Male,26635.0,37.0,West,4,330,24,1320,0
CUST_00229,29.0,Female,68994.0,48.0,North,6,642,20,3852,0
CUST_00230,50.0,Male,66799.0,38.0,East,3,714,3,2142,0
CUST_00231,29.0,Male,42435.0,40.0,East,8,410,2,3280,0
CUST_00232,43.0,Male,20000.0,45.0,South,9,162,12,1458,0
CUST_00233,40.0,Female,71097.0,67.0,West,13,699,11,9087,1
CUST_00234,30.0,Female,33779.0,33.0,East,9,335,92,3015,0
CUST_00235,72.0,Male,83328.0,100.0,East,24,808,45,19392,1
CUST_00236,49.0,Female,68231.0,21.0,West,6,737,32,4422,0
CUST_00237,18.0,Female,75156.0,47.0,Central,2,714,21,1428,0
CUST_00238,42.0,Male,41205.0,65.0,East,10,419,5,4190,0
CUST_00239,30.0,Male,20000.0,24.0,North,2,226,115,452,0
CUST_00240,52.0,Male,68185.0,43.0,South,9,688,14,6192,0
CUST_00241,28.0,Male,91801.0,63.0,East,16,956,3,15296,1
CUST_00242,38.0,Female,86702.0,71.0,East,15,845,20,12675,1
CUST_00243,47.0,Male,65676.0,81.0,Central,13,687,62,8931,1
CUST_00244,52.0,Female,56791.0,66.0,North,13,600,65,7800,1
CUST_00245,21.0,Female,55152.0,67.0,South,12,599,1,7188,0
CUST_00246,34.0,Male,34979.0,13.0,East,3,255,65,765,0
CUST_00247,32.0,Female,68568.0,26.0,South,7,711,9,4977,0
CUST_00248,30.0,Male,61004.0,1.0,West,1,655,1,655,0
CUST_00249,66.0,Other,94724.0,62.0,East,13,926,56,12038,1
CUST_00250,46.0,Female,120975.0,89.0,East,22,1182,59,26004,1
CUST_00251,21.0,Female,57587.0,60.0,West,10,540,27,5400,0
CUST_00252,53.0,Female,57608.0,45.0,Central,4,524,25,2096,0
CUST_00253,71.0,Male,70320.0,74.0,East,14,736,50,10304,1
CUST_00254,55.0,Female,31488.0,24.0,South,5,428,46,2140,0
CUST_00255,18.0,Female,39156.0,38.0,North,11,363,66,3993,0
CUST_00256,32.0,Female,49373.0,65.0,South,15,470,24,7050,0
CUST_00257,59.0,Female,56424.0,17.0,Central,2,565,102,1130,0
CUST_00258,29.0,Female,59490.0,55.0,North,9,514,166,4626,0
CUST_00259,46.0,Male,50673.0,68.0,South,13,471,3,6123,0
CUST_00260,51.0,Male,78138.0,68.0,South,8,778,56,6224,1
CUST_00261,26.0,Female,59670.0,64.0,West,15,552,20,8280,1
CUST_00262,39.0,Male,58294.0,100.0,Central,28,642,14,17976,1
CUST_00263,18.0,Female,45569.0,47.0,West,9,390,28,3510,0
CUST_00264,24.0,Female,61993.0,57.0,North,14,664,1,9296,1
CUST_00265,36.0,Male,68353.0,35.0,West,10,756,21,7560,0
CUST_00266,21.0,Male,30561.0,37.0,Central,7,324,61,2268,0
CUST_00267,64.0,Female,57652.0,59.0,East,11,569,7,6259,1
CUST_00268,18.0,Male,40006.0,53.0,East,13,412,16,5356,0
CUST_00269,33.0,Female,39015.0,19.0,North,2,368,84,736,0
CUST_00270,41.0,Male,40460.0,54.0,East,10,302,16,3020,0
CUST_00271,61.0,Female,58504.0,79.0,West,12,536,13,6432,1
CUST_00272,18.0,Male,68509.0,58.0,North,12,684,17,8208,1
CUST_00273,57.0,Female,68111.0,69.0,Central,12,634,21,7608,1
CUST_00274,40.0,Male,62538.0,45.0,North,12,604,29,7248,0
CUST_00275,25.0,Female,71992.0,86.0,North,13,743,48,9659,1
CUST_00276,46.0,Male,59136.0,55.0,South,13,598,18,7774,1
CUST_00277,42.0,Female,68955.0,30.0,South,10,742,51,7420,0
CUST_00278,30.0,Female,51095.0,56.0,North,8,525,22,4200,0
CUST_00279,41.0,Male,58863.0,30.0,East,7,606,12,4242,0
CUST_00280,34.0,Male,47694.0,37.0,South,10,441,32,4410,0
CUST_00281,41.0,Male,21127.0,37.0,Central,6,144,37,864,0
CUST_00282,49.0,Female,62406.0,55.0,West,17,603,24,10251,1
CUST_00283,63.0,Female,101355.0,,South,10,977,1,9770,1
CUST_00284,21.0,Female,73439.0,90.0,North,10,726,5,7260,1
CUST_00285,71.0,Male,88606.0,83.0,East,27,832,10,22464,1
CUST_00286,18.0,Male,83235.0,64.0,West,10,874,9,8740,1
CUST_00287,37.0,Female,61978.0,19.0,South,4,583,33,2332,0
CUST_00288,48.0,Female,76621.0,72.0,East,12,748,1,8976,1
CUST_00289,44.0,Other,46562.0,41.0,East,11,464,42,5104,0
CUST_00290,30.0,Male,58575.0,52.0,East,10,641,9,6410,0
CUST_00291,36.0,Female,74900.0,69.0,North,12,836,11,10032,1
CUST_00292,32.0,Male,83617.0,44.0,Central,9,927,22,8343,1
CUST_00293,31.0,Male,54671.0,42.0,East,4,482,7,1928,0
CUST_00294,52.0,Female,,43.0,West,5,543,64,2715,0
CUST_00295,45.0,Female,69077.0,62.0,South,19,662,2,12578,1
CUST_00296,29.0,Other,68048.0,36.0,West,7,698,17,4886,0
CUST_00297,53.0,Male,28223.0,60.0,North,10,297,56,2970,0
CUST_00298,,Male,20000.0,6.0,North,1,170,28,170,0
CUST_00299,52.0,Female,54511.0,76.0,West,11,512,10,5632,1
CUST_00300,49.0,Female,42135.0,45.0,Central,7,371,16,2597,0
CUST_00301,27.0,Male,43909.0,67.0,North,12,306,36,3672,0
CUST_00302,31.0,Male,59429.0,51.0,North,11,529,108,5819,0
CUST_00303,51.0,Male,47147.0,72.0,West,12,514,67,6168,0
CUST_00304,49.0,Female,94767.0,69.0,North,19,1020,12,19380,1
CUST_00305,39.0,Male,57606.0,28.0,Central,5,643,189,3215,0
CUST_00306,41.0,Male,70937.0,96.0,Central,20,754,1,15080,1
CUST_00307,59.0,Male,81810.0,73.0,Central,11,767,1,8437,1
CUST_00308,31.0,Male,35611.0,38.0,South,10,297,52,2970,0
CUST_00309,48.0,Male,80978.0,93.0,Central,17,719,6,12223,1
CUST_00310,36.0,Female,63591.0,,Central,7,606,1,4242,0
CUST_00311,36.0,Male,,83.0,South,18,777,8,13986,1
CUST_00312,56.0,Female,49867.0,,East,8,448,16,3584,0
CUST_00313,52.0,Male,34728.0,33.0,North,5,368,39,1840,0
CUST_00314,,Female,85708.0,76.0,Central,13,889,29,11557,1
CUST_00315,59.0,Female,73832.0,52.0,North,11,714,8,7854,1
CUST_00316,40.0,Female,46881.0,34.0,West,4,401,20,1604,0
CUST_00317,50.0,Female,56338.0,,North,13,632,78,8216,1
CUST_00318,35.0,Male,86087.0,88.0,South,23,862,50,19826,1
CUST_00319,44.0,Male,35144.0,34.0,North,2,448,11,896,0
CUST_00320,38.0,Female,94337.0,78.0,North,8,947,120,7576,1
CUST_00321,41.0,Other,36650.0,30.0,North,7,374,36,2618,0
CUST_00322,48.0,Female,80145.0,95.0,East,22,753,1,16566,1
CUST_00323,27.0,Female,50035.0,45.0,East,5,479,1,2395,0
CUST_00324,71.0,Female,78359.0,78.0,West,15,705,5,10575,1
CUST_00325,24.0,Male,36212.0,52.0,South,9,294,39,2646,0
CUST_00326,21.0,Male,46780.0,34.0,North,8,504,6,4032,0
CUST_00327,57.0,Female,68185.0,81.0,North,21,667,21,14007,1
CUST_00328,51.0,Female,39876.0,12.0,North,6,377,2,2262,0
CUST_00329,49.0,Male,81761.0,99.0,North,24,780,76,18720,1
CUST_00330,49.0,Female,,42.0,East,11,540,12,5940,0
CUST_00331,39.0,Male,54617.0,45.0,West,8,602,71,4816,0
CUST_00332,26.0,Female,30205.0,6.0,Central,1,309,86,309,0
CUST_00333,41.0,Male,20000.0,28.0,South,4,140,1,560,0
CUST_00334,29.0,Male,59779.0,29.0,North,6,649,18,3894,0
CUST_00335,54.0,Female,113253.0,65.0,West,12,1218,1,14616,1
CUST_00336,37.0,Male,71824.0,72.0,Central,17,742,71,12614,1
CUST_00337,27.0,Female,56425.0,69.0,West,12,608,21,7296,1
CUST_00338,35.0,Female,51177.0,54.0,East,8,572,2,4576,0
CUST_00339,46.0,Female,63300.0,56.0,Central,10,550,3,5500,0
CUST_00340,31.0,Male,70930.0,58.0,West,8,802,14,6416,1
CUST_00341,27.0,Male,21191.0,21.0,East,6,266,84,1596,0
CUST_00342,,Male,90974.0,100.0,West,21,934,35,19614,1
CUST_00343,43.0,Other,76767.0,63.0,West,21,761,60,15981,1
CUST_00344,32.0,Female,69080.0,83.0,Central,20,623,13,12460,1
CUST_00345,32.0,Female,65097.0,45.0,East,10,634,1,6340,0
CUST_00346,43.0,Female,62301.0,50.0,North,7,645,109,4515,0
CUST_00347,18.0,Female,54801.0,71.0,South,13,492,1,6396,0
CUST_00348,18.0,Female,69310.0,75.0,Central,14,689,88,9646,1
CUST_00349,29.0,Male,48448.0,47.0,East,7,425,13,2975,0
CUST_00350,36.0,Female,49452.0,42.0,West,3,475,1,1425,0
CUST_00351,44.0,Male,69375.0,48.0,East,8,626,35,5008,0
CUST_00352,62.0,Female,97164.0,80.0,South,15,898,118,13470,1
CUST_00353,52.0,Female,44036.0,67.0,South,15,457,101,6855,1
CUST_00354,37.0,Female,28504.0,35.0,North,8,256,5,2048,0
CUST_00355,39.0,Male,,62.0,North,8,652,5,5216,0
CUST_00356,24.0,Male,43284.0,82.0,South,15,401,25,6015,0
CUST_00357,39.0,Male,63132.0,57.0,Central,10,767,30,7670,1
CUST_00358,35.0,Male,60090.0,56.0,Central,16,631,40,10096,1
CUST_00359,44.0,Male,60277.0,19.0,West,5,638,5,3190,0
CUST_00360,27.0,Female,86502.0,35.0,North,3,826,95,2478,0
CUST_00361,47.0,Female,28476.0,40.0,West,7,309,30,2163,0
CUST_00362,62.0,Male,51159.0,48.0,North,10,500,56,5000,0
CUST_00363,38.0,Male,57058.0,39.0,South,9,531,23,4779,0
CUST_00364,46.0,Male,26201.0,38.0,Central,4,358,16,1432,0
CUST_00365,50.0,Female,66176.0,48.0,Central,14,690,113,9660,1
CUST_00366,33.0,Female,88641.0,91.0,South,13,912,26,11856,1
CUST_00367,43.0,Female,47979.0,51.0,West,10,431,60,4310,0
CUST_00368,40.0,Female,63385.0,35.0,West,8,570,91,4560,0
CUST_00369,41.0,Other,30733.0,49.0,East,14,304,33,4256,0
CUST_00370,28.0,Female,34355.0,,North,6,314,23,1884,0
CUST_00371,40.0,Male,46954.0,60.0,West,13,500,1,6500,0
CUST_00372,47.0,Female,58224.0,40.0,South,12,616,1,7392,0
CUST_00373,61.0,Male,103082.0,65.0,West,11,1034,6,11374,1
CUST_00374,54.0,Female,80139.0,76.0,Central,20,842,6,16840,1
CUST_00375,72.0,Male,50867.0,50.0,North,12,518,8,6216,0
CUST_00376,28.0,Female,62048.0,59.0,East,10,576,10,5760,0
CUST_00377,53.0,Female,74604.0,70.0,North,11,736,13,8096,1
CUST_00378,42.0,Female,80942.0,47.0,Central,9,816,16,7344,1
CUST_00379,72.0,Female,101968.0,68.0,Central,12,1066,3,12792,1
CUST_00380,27.0,Male,25293.0,46.0,Central,13,264,1,3432,0
CUST_00381,27.0,Male,,30.0,Central,9,333,33,2997,0
CUST_00382,31.0,Male,31929.0,31.0,South,3,367,23,1101,0
CUST_00383,18.0,Male,44836.0,69.0,East,14,467,17,6538,0
CUST_00384,32.0,Female,64021.0,35.0,Central,4,717,30,2868,0
CUST_00385,28.0,Male,69856.0,19.0,Central,3,702,52,2106,0
CUST_00386,42.0,Other,,46.0,West,12,579,16,6948,0
CUST_00387,45.0,Female,50081.0,40.0,East,6,559,30,3354,0
CUST_00388,68.0,Female,81108.0,60.0,North,13,782,92,10166,1
CUST_00389,54.0,Male,45705.0,46.0,East,7,471,54,3297,0
CUST_00390,31.0,Female,94318.0,82.0,East,16,952,16,15232,1
CUST_00391,26.0,Female,20000.0,34.0,East,7,202,31,1414,0
CUST_00392,47.0,Female,65220.0,56.0,Central,8,643,5,5144,0
CUST_00393,20.0,Female,96316.0,100.0,Central,18,880,24,15840,1
CUST_00394,67.0,Female,76423.0,69.0,South,16,714,119,11424,1
CUST_00395,57.0,Male,69962.0,55.0,North,7,755,21,5285,1
CUST_00396,32.0,Female,52235.0,39.0,West,7,543,78,3801,0
CUST_00397,18.0,Male,40873.0,33.0,East,4,504,15,2016,0
CUST_00398,60.0,Male,96125.0,66.0,North,13,909,202,11817,1
CUST_00399,38.0,Male,20000.0,27.0,North,8,198,25,1584,0
CUST_00400,58.0,Male,106676.0,80.0,South,16,1124,1,17984,1
CUST_00401,18.0,Male,20000.0,70.0,West,14,171,26,2394,0
CUST_00402,31.0,Male,55425.0,35.0,East,13,529,9,6877,0
CUST_00403,40.0,Other,56525.0,41.0,West,9,550,1,4950,0
CUST_00404,40.0,Female,81564.0,74.0,South,14,793,51,11102,1
CUST_00405,33.0,Other,23247.0,40.0,Central,7,259,9,1813,0
CUST_00406,49.0,Male,77805.0,78.0,North,16,689,47,11024,1
CUST_00407,23.0,Male,104313.0,94.0,East,12,1125,10,13500,1
CUST_00408,37.0,Female,28841.0,1.0,Central,1,240,6,240,0
CUST_00409,41.0,Male,57247.0,2.0,South,1,466,109,466,0
CUST_00410,47.0,Male,41392.0,40.0,West,7,413,13,2891,0
CUST_00411,50.0,Female,77565.0,91.0,North,18,756,27,13608,1
CUST_00412,23.0,Male,43386.0,18.0,East,6,424,28,2544,0
CUST_00413,18.0,Female,35308.0,1.0,Central,1,368,24,368,0
CUST_00414,59.0,Female,81782.0,83.0,Central,12,850,73,10200,1
CUST_00415,44.0,Male,99593.0,78.0,North,13,1080,33,14040,1
CUST_00416,28.0,Male,53147.0,28.0,West,6,496,15,2976,0
CUST_00417,63.0,Female,87280.0,60.0,South,8,911,59,7288,1
CUST_00418,41.0,Male,41657.0,30.0,West,6,452,5,2712,0
CUST_00419,57.0,Male,44980.0,52.0,West,4,317,23,1268,0
CUST_00420,41.0,Other,67192.0,37.0,West,6,630,90,3780,0
CUST_00421,70.0,Male,100980.0,82.0,North,20,945,29,18900,1
CUST_00422,66.0,Female,84489.0,32.0,North,7,867,50,6069,1
CUST_00423,36.0,Other,56950.0,32.0,South,8,586,31,4688,0
CUST_00424,54.0,Male,69661.0,27.0,West,3,714,54,2142,0
CUST_00425,49.0,Male,45909.0,44.0,North,7,443,86,3101,0
CUST_00426,60.0,Male,76522.0,66.0,South,12,754,9,9048,1
CUST_00427,25.0,Male,79369.0,86.0,South,18,792,5,14256,1
CUST_00428,50.0,Male,64058.0,12.0,West,1,620,19,620,0
CUST_00429,55.0,Female,62180.0,50.0,East,16,660,36,10560,1
CUST_00430,18.0,Male,64226.0,61.0,West,11,588,7,6468,0
CUST_00431,22.0,Female,34917.0,62.0,East,18,310,1,5580,0
CUST_00432,18.0,Other,46055.0,40.0,South,4,466,12,1864,0
CUST_00433,35.0,Female,96543.0,79.0,North,8,947,104,7576,1
CUST_00434,50.0,Female,64150.0,13.0,Central,5,586,35,2930,0
CUST_00435,62.0,Male,58872.0,2.0,South,1,615,15,615,0
CUST_00436,41.0,Female,51965.0,66.0,North,14,491,6,6874,0
CUST_00437,64.0,Female,93994.0,74.0,South,13,897,13,11661,1
CUST_00438,19.0,Male,50335.0,73.0,West,10,494,5,4940,0
CUST_00439,18.0,Male,38431.0,14.0,East,1,339,3,339,0
CUST_00440,39.0,Female,81648.0,82.0,South,24,814,71,19536,1
CUST_00441,45.0,Male,87222.0,100.0,North,13,854,181,11102,1
CUST_00442,39.0,Male,54400.0,58.0,West,10,518,5,5180,0
CUST_00443,18.0,Male,20000.0,39.0,Central,8,174,1,1392,0
CUST_00444,38.0,Male,79632.0,,West,9,846,12,7614,1
CUST_00445,20.0,Female,35185.0,11.0,East,3,370,18,1110,0
CUST_00446,50.0,Female,71167.0,95.0,West,13,626,6,8138,1
CUST_00447,45.0,Female,20000.0,25.0,Central,7,244,10,1708,0
CUST_00448,,Male,80796.0,82.0,North,18,833,6,14994,1
CUST_00449,32.0,Male,26148.0,11.0,South,6,284,44,1704,0
CUST_00450,24.0,Female,68465.0,26.0,East,5,729,37,3645,0
CUST_00451,39.0,Male,65483.0,78.0,Central,16,655,30,10480,1
CUST_00452,54.0,Male,42065.0,43.0,East,9,451,14,4059,0
CUST_00453,25.0,Female,46169.0,79.0,West,11,438,71,4818,0
CUST_00454,47.0,Male,82448.0,73.0,East,16,866,104,13856,1
CUST_00455,32.0,Female,58954.0,13.0,Central,2,600,5,1200,0
CUST_00456,28.0,Male,80868.0,88.0,South,15,739,7,11085,1
CUST_00457,38.0,Male,90863.0,66.0,South,12,960,22,11520,1
CUST_00458,24.0,Male,26912.0,45.0,East,9,262,2,2358,0
CUST_00459,31.0,Other,87770.0,75.0,North,16,864,17,13824,1
CUST_00460,22.0,Female,57882.0,19.0,East,6,556,26,3336,0
CUST_00461,69.0,Female,58908.0,53.0,West,10,570,22,5700,0
CUST_00462,40.0,Female,30373.0,67.0,South,14,315,12,4410,0
CUST_00463,29.0,Male,52685.0,59.0,South,13,477,23,6201,0
CUST_00464,43.0,Female,71240.0,74.0,South,16,633,95,10128,1
CUST_00465,38.0,Male,60142.0,71.0,North,9,548,6,4932,0
CUST_00466,36.0,Female,90423.0,78.0,North,13,923,31,11999,1
CUST_00467,49.0,Male,39169.0,38.0,Central,10,383,1,3830,0
CUST_00468,51.0,Female,71016.0,58.0,East,14,765,2,10710,1
CUST_00469,32.0,Male,33564.0,38.0,East,9,332,24,2988,0
CUST_00470,31.0,Male,64303.0,70.0,West,27,685,3,18495,1
CUST_00471,35.0,Female,71558.0,62.0,South,13,680,1,8840,1
CUST_00472,18.0,Male,38023.0,56.0,North,10,358,5,3580,0
CUST_00473,18.0,Male,20000.0,33.0,West,7,200,24,1400,0
CUST_00474,60.0,Male,81483.0,61.0,West,5,807,36,4035,1
CUST_00475,64.0,Male,79802.0,89.0,North,10,786,6,7860,1
CUST_00476,36.0,Female,67025.0,44.0,East,8,626,33,5008,0
CUST_00477,48.0,Female,84708.0,86.0,South,18,767,6,13806,1
CUST_00478,44.0,Female,47023.0,44.0,East,11,501,28,5511,0
CUST_00479,80.0,Female,96931.0,74.0,West,10,995,15,9950,1
CUST_00480,56.0,Male,101943.0,82.0,South,16,988,31,15808,1
CUST_00481,38.0,Female,20000.0,39.0,Central,8,218,159,1744,0
CUST_00482,25.0,Male,57890.0,10.0,West,3,570,83,1710,0
CUST_00483,18.0,Male,,27.0,East,7,466,1,3262,0
CUST_00484,43.0,Female,63698.0,68.0,East,14,571,64,7994,1
CUST_00485,28.0,Male,60713.0,47.0,East,12,600,2,7200,0
CUST_00486,18.0,Female,35890.0,27.0,North,5,348,91,1740,0
CUST_00487,30.0,Male,46699.0,22.0,West,3,475,9,1425,0
CUST_00488,23.0,Female,56708.0,28.0,South,6,643,14,3858,0
CUST_00489,65.0,Female,46415.0,9.0,East,3,457,2,1371,0
CUST_00490,53.0,Female,51996.0,47.0,East,10,557,3,5570,0
CUST_00491,39.0,Female,79599.0,66.0,North,11,788,38,8668,1
CUST_00492,62.0,Female,48985.0,30.0,South,14,543,86,7602,0
CUST_00493,41.0,Male,74853.0,73.0,West,18,786,28,14148,1
CUST_00494,27.0,Female,66376.0,57.0,Central,9,647,37,5823,0
CUST_00495,62.0,Male,32465.0,66.0,North,14,304,43,4256,0
CUST_00496,48.0,Female,51114.0,19.0,West,4,535,9,2140,0
CUST_00497,24.0,Female,66023.0,73.0,Central,24,627,1,15048,1
CUST_00498,37.0,Female,43952.0,69.0,East,16,449,1,7184,0
CUST_00499,26.0,Male,36775.0,23.0,East,5,349,12,1745,0
CUST_00500,19.0,Male,67242.0,54.0,South,6,690,8,4140,0
CUST_00501,53.0,Female,80952.0,68.0,Central,9,801,1,7209,1
CUST_00502,68.0,Male,68104.0,53.0,East,17,646,5,10982,1
CUST_00503,19.0,Male,35394.0,,East,13,409,3,5317,0
CUST_00504,48.0,Male,91523.0,84.0,South,23,927,73,21321,1
CUST_00505,30.0,Female,97677.0,82.0,West,20,974,4,19480,1
CUST_00506,32.0,Female,63912.0,41.0,East,8,660,23,5280,0
CUST_00507,31.0,Male,64381.0,20.0,North,2,560,26,1120,0
CUST_00508,27.0,Male,39879.0,31.0,North,3,503,23,1509,0
CUST_00509,40.0,Male,38001.0,53.0,West,10,381,3,3810,0
CUST_00510,27.0,Female,59428.0,19.0,Central,5,496,11,2480,0
CUST_00511,44.0,Female,79330.0,59.0,South,17,853,1,14501,1
CUST_00512,39.0,Male,83465.0,76.0,North,20,797,15,15940,1
CUST_00513,36.0,Male,65951.0,30.0,North,9,711,6,6399,0
CUST_00514,26.0,Male,29495.0,23.0,West,6,301,24,1806,0
CUST_00515,31.0,Female,79022.0,,Central,12,711,35,8532,1
CUST_00516,51.0,Female,41316.0,22.0,Central,5,426,22,2130,0
CUST_00517,47.0,Male,57435.0,30.0,West,10,583,17,5830,0
CUST_00518,25.0,Male,53262.0,64.0,North,19,590,14,11210,1
CUST_00519,41.0,Male,106546.0,55.0,South,13,1091,55,14183,1
CUST_00520,51.0,Other,133472.0,51.0,North,10,1272,7,12720,1
CUST_00521,18.0,Male,64794.0,37.0,Central,10,698,39,6980,0
CUST_00522,48.0,Female,62660.0,64.0,North,14,605,42,8470,1
CUST_00523,30.0,Female,75302.0,72.0,South,12,839,16,10068,1
CUST_00524,48.0,Male,82267.0,68.0,East,12,804,10,9648,1
CUST_00525,28.0,Male,42515.0,50.0,North,6,414,19,2484,0
CUST_00526,18.0,Male,88151.0,48.0,West,8,840,2,6720,1
CUST_00527,18.0,Female,65031.0,59.0,East,10,625,1,6250,0
CUST_00528,40.0,Female,65526.0,57.0,West,13,617,3,8021,1
CUST_00529,43.0,Female,73607.0,68.0,West,16,794,6,12704,1
CUST_00530,26.0,Female,64384.0,70.0,West,11,577,21,6347,0
CUST_00531,49.0,Male,81509.0,58.0,North,11,855,56,9405,1
CUST_00532,18.0,Other,32743.0,51.0,Central,12,368,8,4416,0
CUST_00533,39.0,Female,54604.0,53.0,East,14,614,82,8596,1
CUST_00534,21.0,Male,41048.0,43.0,South,14,412,92,5768,0
CUST_00535,30.0,Other,65577.0,49.0,Central,10,604,95,6040,0
CUST_00536,40.0,Female,71703.0,73.0,North,17,708,54,12036,1
CUST_00537,27.0,Female,55765.0,74.0,West,15,587,13,8805,1
CUST_00538,,Female,92521.0,58.0,South,15,929,2,13935,1
CUST_00539,55.0,Female,73310.0,63.0,East,14,751,25,10514,1
CUST_00540,31.0,Female,72040.0,90.0,Central,19,788,24,14972,1
CUST_00541,,Male,44605.0,38.0,Central,10,475,56,4750,0
CUST_00542,23.0,Male,41731.0,68.0,South,10,427,165,4270,0
CUST_00543,47.0,Female,72482.0,100.0,North,19,632,21,12008,1
CUST_00544,61.0,Male,91962.0,68.0,East,14,880,12,12320,1
CUST_00545,18.0,Male,48689.0,63.0,South,16,466,6,7456,0
CUST_00546,28.0,Male,45678.0,26.0,West,8,357,1,2856,0
CUST_00547,48.0,Male,42107.0,65.0,East,7,365,21,2555,0
CUST_00548,36.0,Female,54439.0,53.0,Central,14,530,24,7420,0
CUST_00549,45.0,Female,87870.0,82.0,South,21,873,52,18333,1
CUST_00550,30.0,Male,60599.0,37.0,Central,11,631,21,6941,0
CUST_00551,41.0,Male,64313.0,16.0,Central,2,632,74,1264,0
CUST_00552,37.0,Male,59444.0,60.0,Central,9,606,29,5454,0
CUST_00553,57.0,Female,71526.0,44.0,North,6,694,55,4164,0
CUST_00554,43.0,Female,57872.0,43.0,Central,11,580,4,6380,0
CUST_00555,45.0,Male,80571.0,89.0,West,18,828,58,14904,1
CUST_00556,33.0,Female,64464.0,53.0,West,12,718,33,8616,1
CUST_00557,32.0,Female,61482.0,88.0,East,18,589,5,10602,1
CUST_00558,33.0,Female,52887.0,70.0,Central,10,536,6,5360,0
CUST_00559,45.0,Female,20000.0,25.0,Central,4,243,78,972,0
CUST_00560,33.0,Male,87343.0,75.0,South,17,801,1,13617,1
CUST_00561,44.0,Female,51581.0,49.0,North,9,615,18,5535,0
CUST_00562,71.0,Male,66342.0,18.0,East,6,722,11,4332,0
CUST_00563,53.0,Female,84199.0,60.0,Central,16,756,32,12096,1
CUST_00564,35.0,Female,49700.0,38.0,South,6,515,54,3090,0
CUST_00565,58.0,Female,87956.0,44.0,North,6,851,13,5106,1
CUST_00566,33.0,Female,67893.0,50.0,East,8,659,16,5272,0
CUST_00567,18.0,Male,65812.0,45.0,East,10,675,120,6750,0
CUST_00568,24.0,Female,25969.0,9.0,Central,1,312,45,312,0
CUST_00569,18.0,Other,71269.0,81.0,East,19,689,68,13091,1
CUST_00570,34.0,Female,62138.0,64.0,South,13,598,17,7774,1
CUST_00571,40.0,Male,53652.0,54.0,East,10,555,8,5550,0
CUST_00572,65.0,Male,64966.0,43.0,West,9,678,15,6102,0
CUST_00573,44.0,Male,29346.0,43.0,South,6,243,37,1458,0
CUST_00574,36.0,Female,61984.0,63.0,North,11,706,3,7766,1
CUST_00575,52.0,Female,40097.0,56.0,North,7,368,9,2576,0
CUST_00576,18.0,Male,20000.0,22.0,Central,5,248,1,1240,0
CUST_00577,43.0,Female,22680.0,39.0,Central,8,249,16,1992,0
CUST_00578,51.0,Female,81444.0,92.0,West,19,844,52,16036,1
CUST_00579,18.0,Female,33869.0,26.0,North,4,307,1,1228,0
CUST_00580,57.0,Female,109311.0,100.0,North,23,1006,33,23138,1
CUST_00581,45.0,Female,49719.0,39.0,North,8,496,80,3968,0
CUST_00582,33.0,Female,23999.0,35.0,North,10,239,8,2390,0
CUST_00583,49.0,Male,44671.0,36.0,East,6,398,35,2388,0
CUST_00584,74.0,Female,102468.0,78.0,South,11,1070,110,11770,1
CUST_00585,42.0,Female,58107.0,15.0,South,3,578,98,1734,0
CUST_00586,43.0,Female,45154.0,39.0,West,9,411,8,3699,0
CUST_00587,,Female,67713.0,28.0,East,9,706,3,6354,0
CUST_00588,27.0,Female,73426.0,77.0,North,8,764,4,6112,1
CUST_00589,52.0,Male,80386.0,89.0,North,16,768,36,12288,1
CUST_00590,27.0,Male,78204.0,84.0,Central,8,843,38,6744,1
CUST_00591,41.0,Male,52534.0,2.0,Central,1,637,33,637,0
CUST_00592,32.0,Male,25430.0,65.0,West,13,199,12,2587,0
CUST_00593,47.0,Female,58292.0,55.0,North,14,573,5,8022,1
CUST_00594,45.0,Other,64628.0,34.0,West,7,663,26,4641,0
CUST_00595,55.0,Male,59453.0,53.0,East,9,708,19,6372,0
CUST_00596,32.0,Male,,53.0,South,9,399,39,3591,0
CUST_00597,35.0,Female,66164.0,36.0,North,4,614,17,2456,0
CUST_00598,25.0,Male,57548.0,53.0,East,12,528,12,6336,0
CUST_00599,33.0,Female,63443.0,37.0,North,10,695,10,6950,0
CUST_00600,45.0,Female,45074.0,41.0,Central,8,415,7,3320,0
CUST_00601,51.0,Female,57278.0,36.0,West,6,530,9,3180,0
CUST_00602,26.0,Male,35777.0,13.0,Central,2,369,2,738,0
CUST_00603,53.0,Male,89047.0,77.0,South,23,905,12,20815,1
CUST_00604,60.0,Female,91722.0,83.0,Central,16,970,1,15520,1
CUST_00605,46.0,Female,20000.0,42.0,North,9,204,6,1836,0
CUST_00606,68.0,Male,51589.0,66.0,Central,11,528,41,5808,0
CUST_00607,28.0,Female,24538.0,39.0,North,9,240,11,2160,0
CUST_00608,21.0,Male,38072.0,27.0,South,2,315,33,630,0
CUST_00609,18.0,Female,58193.0,66.0,Central,16,571,37,9136,1
CUST_00610,62.0,Male,35367.0,14.0,West,3,356,26,1068,0
CUST_00611,49.0,Female,49090.0,31.0,West,6,468,95,2808,0
CUST_00612,39.0,Male,47527.0,30.0,West,3,397,1,1191,0
CUST_00613,,Male,78083.0,91.0,Central,16,724,40,11584,1
CUST_00614,23.0,Male,51784.0,68.0,Central,14,515,95,7210,0
CUST_00615,76.0,Male,66086.0,59.0,Central,9,707,59,6363,1
CUST_00616,41.0,Female,67514.0,71.0,North,13,759,5,9867,1
CUST_00617,41.0,Other,51172.0,32.0,South,11,502,11,5522,0
CUST_00618,50.0,Male,59556.0,56.0,West,13,559,5,7267,0
CUST_00619,47.0,Male,99681.0,73.0,North,13,978,27,12714,1
CUST_00620,43.0,Female,76244.0,87.0,West,15,710,37,10650,1
CUST_00621,28.0,Female,32257.0,33.0,North,6,361,11,2166,0
CUST_00622,47.0,Female,81257.0,69.0,Central,11,919,23,10109,1
CUST_00623,68.0,Male,89309.0,83.0,West,19,858,35,16302,1
CUST_00624,60.0,Male,57591.0,67.0,Central,13,516,16,6708,1
CUST_00625,63.0,Female,84775.0,64.0,West,15,898,57,13470,1
CUST_00626,32.0,Male,85517.0,74.0,East,11,871,44,9581,1
CUST_00627,25.0,Female,40893.0,28.0,North,5,425,2,2125,0
CUST_00628,38.0,Male,37167.0,1.0,East,1,451,29,451,0
CUST_00629,,Female,78247.0,78.0,North,18,714,8,12852,1
CUST_00630,56.0,Male,73081.0,84.0,South,14,661,24,9254,1
CUST_00631,18.0,Female,65233.0,55.0,West,15,644,94,9660,1
CUST_00632,,Female,79141.0,45.0,South,7,794,63,5558,1
CUST_00633,37.0,Female,60544.0,42.0,South,9,587,15,5283,0
CUST_00634,33.0,Male,28067.0,1.0,North,2,403,10,806,0
CUST_00635,24.0,Female,70812.0,95.0,East,15,692,8,10380,1
CUST_00636,18.0,Female,73005.0,58.0,Central,8,702,22,5616,0
CUST_00637,52.0,Female,63993.0,75.0,North,13,646,3,8398,1
CUST_00638,41.0,Female,62350.0,68.0,Central,13,672,23,8736,1
CUST_00639,20.0,Female,20000.0,21.0,South,6,163,1,978,0
CUST_00640,20.0,Female,66572.0,27.0,Central,6,658,11,3948,0
CUST_00641,34.0,Male,70445.0,80.0,East,16,754,7,12064,1
CUST_00642,65.0,Female,78420.0,62.0,North,10,836,106,8360,1
CUST_00643,36.0,Female,83417.0,76.0,East,17,845,38,14365,1
CUST_00644,18.0,Male,48825.0,40.0,East,11,609,12,6699,0
CUST_00645,36.0,Male,72334.0,48.0,North,15,822,2,12330,1
CUST_00646,35.0,Male,44563.0,5.0,East,2,375,21,750,0
CUST_00647,18.0,Female,52140.0,54.0,West,10,436,7,4360,0
CUST_00648,39.0,Female,56184.0,38.0,West,3,601,23,1803,0
CUST_00649,36.0,Female,74578.0,66.0,West,18,814,54,14652,1
CUST_00650,50.0,Female,62538.0,63.0,Central,10,614,28,6140,1
CUST_00651,67.0,Male,73948.0,92.0,East,12,714,30,8568,1
CUST_00652,56.0,Male,78526.0,70.0,North,18,744,23,13392,1
CUST_00653,35.0,Male,43048.0,43.0,North,9,372,78,3348,0
CUST_00654,23.0,Male,21751.0,42.0,Central,7,274,80,1918,0
CUST_00655,78.0,Male,114751.0,54.0,North,10,1128,21,11280,1
CUST_00656,40.0,Male,85203.0,78.0,West,22,867,10,19074,1
CUST_00657,40.0,Female,35504.0,43.0,East,6,263,18,1578,0
CUST_00658,39.0,Female,81898.0,85.0,North,15,869,6,13035,1
CUST_00659,42.0,Other,55030.0,11.0,North,3,579,30,1737,0
CUST_00660,37.0,Female,58758.0,34.0,South,7,520,20,3640,0
CUST_00661,31.0,Female,61617.0,32.0,South,7,629,3,4403,0
CUST_00662,31.0,Male,47577.0,51.0,South,2,476,6,952,0
CUST_00663,39.0,Female,42547.0,59.0,East,10,402,19,4020,0
CUST_00664,31.0,Female,40411.0,79.0,West,16,258,65,4128,0
CUST_00665,29.0,Male,34610.0,27.0,West,2,313,25,626,0
CUST_00666,41.0,Male,38216.0,27.0,West,2,397,34,794,0
CUST_00667,36.0,Female,56727.0,72.0,East,20,539,12,10780,1
CUST_00668,62.0,Male,54172.0,55.0,East,12,530,25,6360,0
CUST_00669,18.0,Female,48993.0,75.0,South,23,564,17,12972,1
CUST_00670,56.0,Female,108396.0,79.0,North,12,1080,32,12960,1
CUST_00671,58.0,Male,63197.0,26.0,Central,6,527,1,3162,0
CUST_00672,18.0,Male,52906.0,23.0,Central,6,519,20,3114,0
CUST_00673,34.0,Male,67829.0,18.0,North,1,683,10,683,0
CUST_00674,34.0,Male,61323.0,63.0,South,10,571,11,5710,0
CUST_00675,18.0,Male,59997.0,73.0,North,14,636,97,8904,1
CUST_00676,28.0,Female,79178.0,100.0,North,26,718,6,18668,1
CUST_00677,23.0,Male,62847.0,66.0,Central,20,621,11,12420,1
CUST_00678,66.0,Female,53590.0,73.0,South,12,462,21,5544,1
CUST_00679,54.0,Male,85678.0,66.0,East,11,841,59,9251,1
CUST_00680,59.0,Female,80900.0,57.0,Central,11,844,16,9284,1
CUST_00681,50.0,Male,48159.0,67.0,East,13,473,40,6149,0
CUST_00682,23.0,Male,53837.0,58.0,South,10,527,58,5270,0
CUST_00683,32.0,Female,68168.0,52.0,North,7,683,11,4781,0
CUST_00684,47.0,Female,58752.0,57.0,West,13,591,14,7683,1
CUST_00685,21.0,Male,72454.0,79.0,West,17,759,13,12903,1
CUST_00686,50.0,Female,112356.0,94.0,South,19,1158,53,22002,1
CUST_00687,36.0,Male,43251.0,75.0,West,15,503,1,7545,0
CUST_00688,34.0,Female,24818.0,43.0,East,7,256,11,1792,0
CUST_00689,50.0,Male,67975.0,66.0,West,13,596,34,7748,1
CUST_00690,,Male,71556.0,82.0,South,16,758,25,12128,1
CUST_00691,34.0,Female,58013.0,40.0,South,10,647,17,6470,0
CUST_00692,57.0,Female,87407.0,86.0,East,22,997,23,21934,1
CUST_00693,23.0,Male,31415.0,14.0,West,3,386,6,1158,0
CUST_00694,49.0,Female,85790.0,90.0,West,27,833,16,22491,1
CUST_00695,48.0,Female,50888.0,26.0,North,3,518,20,1554,0
CUST_00696,35.0,Male,79597.0,79.0,Central,17,782,69,13294,1
CUST_00697,44.0,Female,100624.0,62.0,South,17,985,9,16745,1
CUST_00698,21.0,Male,35797.0,43.0,North,9,352,60,3168,0
CUST_00699,53.0,Female,50891.0,49.0,South,4,573,31,2292,0
CUST_00700,37.0,Female,73809.0,51.0,North,15,658,1,9870,1
CUST_00701,32.0,Female,56682.0,58.0,Central,14,516,38,7224,0
CUST_00702,55.0,Male,70319.0,66.0,North,15,764,1,11460,1
CUST_00703,29.0,Male,51207.0,67.0,South,15,584,178,8760,1
CUST_00704,18.0,Male,20000.0,35.0,West,6,167,61,1002,0
CUST_00705,18.0,Male,48088.0,57.0,South,12,563,10,6756,0
CUST_00706,49.0,Male,50138.0,30.0,East,2,550,8,1100,0
CUST_00707,20.0,Female,43586.0,38.0,East,12,422,14,5064,0
CUST_00708,66.0,Male,99421.0,68.0,East,10,872,13,8720,1
CUST_00709,18.0,Male,27427.0,47.0,East,13,190,13,2470,0
CUST_00710,65.0,Female,98681.0,,Central,21,953,11,20013,1
CUST_00711,43.0,Male,60595.0,33.0,West,6,643,29,3858,0
CUST_00712,38.0,Female,53841.0,71.0,West,11,576,5,6336,0
CUST_00713,,Male,71182.0,42.0,South,13,688,56,8944,1
CUST_00714,45.0,Female,,26.0,North,4,669,50,2676,0
CUST_00715,39.0,Male,,60.0,South,12,773,19,9276,1
CUST_00716,56.0,Male,84614.0,54.0,South,7,835,57,5845,1
CUST_00717,41.0,Female,54728.0,18.0,South,3,555,8,1665,0
CUST_00718,42.0,Male,49624.0,58.0,South,9,494,1,4446,0
CUST_00719,34.0,Female,33530.0,31.0,West,8,251,28,2008,0
CUST_00720,39.0,Male,36790.0,40.0,North,3,357,18,1071,0
CUST_00721,44.0,Male,123177.0,85.0,South,11,1230,25,13530,1
CUST_00722,18.0,Female,74588.0,78.0,West,16,795,68,12720,1
CUST_00723,19.0,Male,25963.0,44.0,South,11,218,105,2398,0
CUST_00724,51.0,Female,36850.0,33.0,East,4,378,30,1512,0
CUST_00725,42.0,Other,77354.0,57.0,South,15,801,43,12015,1
CUST_00726,37.0,Female,65754.0,71.0,South,15,650,2,9750,1
CUST_00727,40.0,Female,80183.0,66.0,Central,12,714,5,8568,1
CUST_00728,45.0,Male,49227.0,31.0,East,6,542,39,3252,0
CUST_00729,31.0,Male,55955.0,46.0,North,9,596,16,5364,0
CUST_00730,28.0,Male,63773.0,31.0,South,7,649,17,4543,0
CUST_00731,42.0,Female,59352.0,41.0,North,8,595,11,4760,0
CUST_00732,25.0,Other,20000.0,40.0,East,5,110,28,550,0
CUST_00733,46.0,Male,65349.0,56.0,South,8,692,6,5536,0
CUST_00734,18.0,Female,21887.0,21.0,Central,1,293,29,293,0
CUST_00735,55.0,Male,73921.0,67.0,West,11,683,5,7513,1
CUST_00736,47.0,Female,111271.0,91.0,Central,19,1179,1,22401,1
CUST_00737,43.0,Male,64618.0,59.0,Central,15,702,12,10530,1
CUST_00738,54.0,Other,69294.0,91.0,West,16,635,7,10160,1
CUST_00739,64.0,Female,87785.0,92.0,West,15,858,65,12870,1
CUST_00740,55.0,Male,71687.0,92.0,West,19,647,1,12293,1
CUST_00741,18.0,Male,57412.0,22.0,South,4,570,5,2280,0
CUST_00742,20.0,Male,73444.0,86.0,North,22,756,23,16632,1
CUST_00743,30.0,Male,87778.0,74.0,North,19,811,19,15409,1
CUST_00744,40.0,Male,32770.0,26.0,West,6,346,1,2076,0
CUST_00745,47.0,Female,80992.0,77.0,Central,13,841,1,10933,1
CUST_00746,29.0,Female,46083.0,68.0,East,24,493,132,11832,1
CUST_00747,42.0,Female,72206.0,82.0,West,13,744,32,9672,1
CUST_00748,28.0,Male,30269.0,21.0,Central,2,241,13,482,0
CUST_00749,30.0,Female,57938.0,64.0,Central,14,573,19,8022,1
CUST_00750,18.0,Female,52070.0,37.0,South,8,538,9,4304,0
CUST_00751,26.0,Male,76782.0,78.0,South,14,840,12,11760,1
CUST_00752,19.0,Female,64790.0,43.0,North,11,648,31,7128,0
CUST_00753,25.0,Female,28227.0,31.0,North,5,303,64,1515,0
CUST_00754,55.0,Male,68200.0,65.0,East,7,635,6,4445,0
CUST_00755,25.0,Male,40849.0,29.0,East,2,350,55,700,0
CUST_00756,79.0,Female,61601.0,88.0,East,15,551,3,8265,1
CUST_00757,47.0,Male,64089.0,13.0,East,4,619,7,2476,0
CUST_00758,42.0,Female,50056.0,38.0,Central,12,603,1,7236,0
CUST_00759,27.0,Female,109771.0,80.0,Central,25,1077,4,26925,1
CUST_00760,50.0,Female,75708.0,83.0,North,19,775,74,14725,1
CUST_00761,31.0,Male,32173.0,33.0,South,7,349,18,2443,0
CUST_00762,41.0,Male,57166.0,48.0,South,9,517,2,4653,0
CUST_00763,,Female,93902.0,81.0,West,12,917,96,11004,1
CUST_00764,38.0,Female,101267.0,71.0,Central,11,1043,63,11473,1
CUST_00765,57.0,Male,34494.0,55.0,East,9,366,42,3294,0
CUST_00766,29.0,Female,20000.0,47.0,East,12,100,81,1200,0
CUST_00767,39.0,Female,99314.0,88.0,West,22,1022,7,22484,1
CUST_00768,66.0,Male,93575.0,60.0,South,6,908,54,5448,1
CUST_00769,30.0,Male,29240.0,33.0,East,7,266,35,1862,0
CUST_00770,67.0,Female,84240.0,70.0,South,13,862,61,11206,1
CUST_00771,50.0,Male,20000.0,19.0,West,5,276,47,1380,0
CUST_00772,31.0,Male,56973.0,57.0,South,11,559,12,6149,0
CUST_00773,49.0,Male,70990.0,66.0,South,13,768,44,9984,1
CUST_00774,54.0,Male,79408.0,84.0,South,20,722,9,14440,1
CUST_00775,49.0,Female,45886.0,28.0,East,5,465,11,2325,0
CUST_00776,18.0,Female,47929.0,84.0,North,17,452,3,7684,1
CUST_00777,29.0,Male,25864.0,21.0,Central,3,272,82,816,0
CUST_00778,36.0,Female,69790.0,54.0,South,12,683,10,8196,1
CUST_00779,38.0,Female,46562.0,65.0,South,13,398,22,5174,0
CUST_00780,49.0,Female,57096.0,38.0,South,5,526,14,2630,0
CUST_00781,42.0,Male,42841.0,67.0,North,14,346,96,4844,0
CUST_00782,19.0,Male,68878.0,25.0,West,4,623,12,2492,0
CUST_00783,45.0,Other,81355.0,96.0,East,22,837,45,18414,1
CUST_00784,49.0,Female,64827.0,50.0,North,9,635,58,5715,0
CUST_00785,48.0,Male,63793.0,38.0,South,8,649,17,5192,0
CUST_00786,56.0,Male,45975.0,44.0,North,9,550,14,4950,0
CUST_00787,52.0,Male,62062.0,66.0,North,11,605,41,6655,1
CUST_00788,46.0,Female,63514.0,38.0,North,16,666,73,10656,1
CUST_00789,38.0,Female,,63.0,West,13,1058,42,13754,1
CUST_00790,18.0,Female,29195.0,31.0,Central,8,430,7,3440,0
CUST_00791,46.0,Male,88672.0,57.0,East,7,735,65,5145,1
CUST_00792,43.0,Female,78842.0,100.0,West,19,752,14,14288,1
CUST_00793,44.0,Female,64116.0,38.0,West,6,673,25,4038,0
CUST_00794,20.0,Male,80808.0,87.0,Central,19,770,53,14630,1
CUST_00795,23.0,Female,70485.0,78.0,West,12,733,6,8796,1
CUST_00796,55.0,Other,82343.0,60.0,North,9,820,46,7380,1
CUST_00797,39.0,Male,68700.0,49.0,North,6,730,27,4380,0
CUST_00798,50.0,Female,83840.0,86.0,South,15,781,67,11715,1
CUST_00799,40.0,Male,82930.0,72.0,West,14,837,5,11718,1
CUST_00800,40.0,Female,41664.0,73.0,South,15,439,16,6585,0
CUST_00801,54.0,Female,37555.0,50.0,East,8,382,53,3056,0
CUST_00802,32.0,Female,48123.0,68.0,North,14,488,1,6832,0
CUST_00803,41.0,Female,51326.0,40.0,East,14,573,3,8022,0
CUST_00804,33.0,Male,54006.0,28.0,Central,5,456,139,2280,0
CUST_00805,33.0,Female,87348.0,65.0,North,14,879,9,12306,1
CUST_00806,35.0,Female,52100.0,53.0,East,9,460,111,4140,0
CUST_00807,43.0,Male,72758.0,83.0,Central,17,765,6,13005,1
CUST_00808,32.0,Female,50537.0,6.0,East,1,463,13,463,0
CUST_00809,58.0,Female,92619.0,74.0,Central,16,802,41,12832,1
CUST_00810,26.0,Male,20000.0,37.0,Central,11,239,32,2629,0
CUST_00811,37.0,Female,42192.0,44.0,North,7,408,26,2856,0
CUST_00812,33.0,Female,66519.0,75.0,South,12,683,22,8196,1
CUST_00813,61.0,Male,96488.0,81.0,Central,15,1036,55,15540,1
CUST_00814,42.0,Other,50637.0,76.0,Central,16,524,8,8384,1
CUST_00815,55.0,Male,26252.0,31.0,North,11,270,17,2970,0
CUST_00816,18.0,Male,58798.0,68.0,South,14,585,5,8190,0
CUST_00817,44.0,Male,60122.0,82.0,West,14,543,27,7602,1
CUST_00818,53.0,Female,43145.0,76.0,West,17,420,8,7140,1
CUST_00819,41.0,Female,52552.0,28.0,South,6,624,12,3744,0
CUST_00820,55.0,Male,60258.0,44.0,East,12,583,19,6996,0
CUST_00821,32.0,Male,40780.0,43.0,North,8,399,1,3192,0
CUST_00822,61.0,Female,32105.0,42.0,South,12,383,2,4596,0
CUST_00823,74.0,Male,88290.0,85.0,West,27,805,34,21735,1
CUST_00824,34.0,Female,81163.0,62.0,Central,15,842,16,12630,1
CUST_00825,33.0,Female,70458.0,76.0,West,12,625,60,7500,1
CUST_00826,61.0,Female,48609.0,9.0,Central,3,506,35,1518,0
CUST_00827,63.0,Other,66848.0,78.0,North,16,667,1,10672,1
CUST_00828,32.0,Male,58622.0,39.0,Central,9,616,28,5544,0
CUST_00829,33.0,Other,72698.0,75.0,South,10,676,2,6760,1
CUST_00830,35.0,Female,75265.0,70.0,Central,11,725,45,7975,1
CUST_00831,19.0,Female,30871.0,52.0,East,7,341,143,2387,0
CUST_00832,26.0,Male,54090.0,1.0,South,1,515,22,515,0
CUST_00833,24.0,Female,68022.0,49.0,North,8,717,34,5736,0
CUST_00834,28.0,Male,88428.0,73.0,South,17,894,8,15198,1
CUST_00835,39.0,Male,67387.0,40.0,East,6,651,17,3906,0
CUST_00836,43.0,Male,79635.0,100.0,North,30,780,58,23400,1
CUST_00837,63.0,Female,63559.0,32.0,West,8,635,5,5080,0
CUST_00838,25.0,Female,81830.0,86.0,East,18,807,9,14526,1
CUST_00839,54.0,Female,85103.0,80.0,North,16,887,17,14192,1
CUST_00840,36.0,Female,36748.0,53.0,Central,6,348,37,2088,0
CUST_00841,39.0,Male,84057.0,64.0,South,9,811,14,7299,1
CUST_00842,50.0,Female,83262.0,64.0,North,10,878,78,8780,1
CUST_00843,23.0,Male,35844.0,51.0,South,7,337,2,2359,0
CUST_00844,45.0,Female,50310.0,58.0,Central,16,476,13,7616,0
CUST_00845,42.0,Female,70526.0,51.0,North,9,580,37,5220,0
CUST_00846,47.0,Female,70124.0,66.0,West,13,649,7,8437,1
CUST_00847,44.0,Female,65346.0,57.0,East,13,611,32,7943,1
CUST_00848,76.0,Male,,87.0,North,22,853,5,18766,1
CUST_00849,30.0,Male,91913.0,64.0,Central,14,883,1,12362,1
CUST_00850,32.0,Female,79539.0,31.0,North,5,844,3,4220,0
CUST_00851,30.0,Male,57923.0,60.0,South,15,540,79,8100,1
CUST_00852,31.0,Male,76966.0,56.0,North,11,734,24,8074,1
CUST_00853,30.0,Female,34537.0,4.0,West,2,353,47,706,0
CUST_00854,57.0,Female,79118.0,32.0,North,4,736,12,2944,0
CUST_00855,61.0,Male,104507.0,87.0,East,19,1123,26,21337,1
CUST_00856,31.0,Male,51016.0,52.0,North,12,550,20,6600,0
CUST_00857,27.0,Female,32452.0,31.0,South,6,266,87,1596,0
CUST_00858,47.0,Female,50815.0,77.0,North,19,558,41,10602,1
CUST_00859,31.0,Male,30442.0,44.0,West,9,365,39,3285,0
CUST_00860,49.0,Male,43734.0,82.0,Central,14,380,1,5320,0
CUST_00861,43.0,Male,55979.0,22.0,North,7,501,23,3507,0
CUST_00862,18.0,Male,22952.0,34.0,North,3,198,18,594,0
CUST_00863,63.0,Male,76000.0,50.0,East,13,689,78,8957,1
CUST_00864,66.0,Female,89115.0,71.0,West,18,852,8,15336,1
CUST_00865,30.0,Female,39691.0,31.0,Central,5,376,9,1880,0
CUST_00866,34.0,Female,90881.0,84.0,South,15,934,15,14010,1
CUST_00867,44.0,Male,75020.0,75.0,North,12,754,8,9048,1
CUST_00868,45.0,Female,79547.0,84.0,Central,20,788,4,15760,1
CUST_00869,49.0,Male,52590.0,64.0,South,14,501,58,7014,0
CUST_00870,70.0,Other,94072.0,100.0,West,14,875,24,12250,1
CUST_00871,37.0,Female,37390.0,30.0,West,7,403,59,2821,0
CUST_00872,28.0,Male,62211.0,31.0,Central,4,650,53,2600,0
CUST_00873,19.0,Female,54723.0,54.0,South,11,516,9,5676,0
CUST_00874,29.0,Male,77450.0,62.0,West,7,719,23,5033,0
CUST_00875,39.0,Female,34849.0,57.0,Central,9,426,2,3834,0
CUST_00876,66.0,Male,51684.0,44.0,West,14,529,74,7406,0
CUST_00877,32.0,Male,70585.0,66.0,West,13,725,15,9425,1
CUST_00878,43.0,Female,44691.0,40.0,West,10,468,15,4680,0
CUST_00879,39.0,Male,75389.0,85.0,East,17,693,10,11781,1
CUST_00880,57.0,Female,35238.0,32.0,South,5,427,18,2135,0
CUST_00881,77.0,Male,99168.0,65.0,Central,14,971,8,13594,1
CUST_00882,32.0,Female,35075.0,59.0,Central,10,391,14,3910,0
CUST_00883,32.0,Female,67109.0,32.0,South,4,744,48,2976,0
CUST_00884,55.0,Female,82109.0,75.0,South,14,825,53,11550,1
CUST_00885,50.0,Male,56695.0,63.0,South,13,507,10,6591,0
CUST_00886,67.0,Male,89711.0,50.0,South,3,772,18,2316,0
CUST_00887,48.0,Male,64009.0,59.0,North,15,638,62,9570,1
CUST_00888,34.0,Male,51065.0,28.0,Central,5,523,1,2615,0
CUST_00889,48.0,Female,44021.0,66.0,North,6,411,65,2466,0
CUST_00890,56.0,Female,29498.0,20.0,West,3,301,7,903,0
CUST_00891,52.0,Female,73810.0,85.0,West,21,759,34,15939,1
CUST_00892,47.0,Female,31984.0,51.0,Central,11,369,26,4059,0
CUST_00893,56.0,Female,76252.0,87.0,West,17,751,24,12767,1
CUST_00894,57.0,Female,63183.0,55.0,South,15,629,58,9435,1
CUST_00895,60.0,Male,78307.0,71.0,North,19,774,3,14706,1
CUST_00896,49.0,Female,56991.0,38.0,South,7,571,12,3997,0
CUST_00897,37.0,Female,53498.0,79.0,West,19,509,23,9671,1
CUST_00898,,Female,82396.0,,North,17,798,50,13566,1
CUST_00899,58.0,Male,79071.0,59.0,South,16,767,7,12272,1
CUST_00900,27.0,Male,56425.0,63.0,Central,9,572,48,5148,0
CUST_00901,45.0,Male,84875.0,63.0,South,12,806,15,9672,1
CUST_00902,34.0,Female,28354.0,20.0,West,2,260,6,520,0
CUST_00903,40.0,Female,82157.0,53.0,North,12,911,42,10932,1
CUST_00904,59.0,Male,81329.0,67.0,Central,11,858,2,9438,1
CUST_00905,42.0,Other,43946.0,48.0,North,8,391,21,3128,0
CUST_00906,40.0,Male,59960.0,54.0,Central,10,642,1,6420,0
CUST_00907,19.0,Male,55788.0,69.0,North,14,589,13,8246,0
CUST_00908,51.0,Male,68564.0,60.0,West,10,680,27,6800,1
CUST_00909,49.0,Female,76038.0,72.0,Central,14,724,24,10136,1
CUST_00910,72.0,Female,103180.0,72.0,East,20,990,15,19800,1
CUST_00911,35.0,Male,77002.0,82.0,North,11,781,16,8591,1
CUST_00912,43.0,Female,37515.0,54.0,North,12,332,7,3984,0
CUST_00913,43.0,Male,79203.0,76.0,South,14,846,18,11844,1
CUST_00914,63.0,Female,97239.0,67.0,Central,10,1041,91,10410,1
CUST_00915,,Female,72739.0,60.0,East,15,725,57,10875,1
CUST_00916,44.0,Female,91663.0,53.0,West,17,973,4,16541,1
CUST_00917,49.0,Male,100663.0,84.0,South,16,986,1,15776,1
CUST_00918,42.0,Other,77902.0,83.0,East,19,743,81,14117,1
CUST_00919,33.0,Female,61542.0,61.0,Central,17,670,22,11390,1
CUST_00920,42.0,Male,84052.0,73.0,East,12,919,23,11028,1
CUST_00921,56.0,Female,68662.0,78.0,North,5,784,45,3920,1
CUST_00922,24.0,Male,60142.0,,North,13,618,11,8034,0
CUST_00923,41.0,Female,56221.0,69.0,South,15,605,19,9075,1
CUST_00924,29.0,Male,86788.0,74.0,Central,16,883,103,14128,1
CUST_00925,57.0,Female,45322.0,37.0,Central,13,523,33,6799,0
CUST_00926,18.0,Female,74068.0,83.0,East,23,762,5,17526,1
CUST_00927,31.0,Male,67692.0,58.0,South,11,717,4,7887,1
CUST_00928,45.0,Male,24415.0,40.0,Central,4,187,6,748,0
CUST_00929,63.0,Male,84190.0,76.0,North,23,830,43,19090,1
CUST_00930,,Male,20000.0,34.0,East,9,240,10,2160,0
CUST_00931,31.0,Male,85015.0,100.0,West,18,886,1,15948,1
CUST_00932,68.0,Female,103437.0,92.0,North,13,1079,86,14027,1
CUST_00933,18.0,Male,37245.0,45.0,South,10,378,5,3780,0
CUST_00934,18.0,Male,51939.0,52.0,Central,3,486,1,1458,0
CUST_00935,46.0,Female,107609.0,90.0,North,18,1073,8,19314,1
CUST_00936,32.0,Male,55175.0,60.0,West,11,554,8,6094,0
CUST_00937,24.0,Female,23534.0,35.0,West,7,247,16,1729,0
CUST_00938,50.0,Female,86185.0,70.0,South,13,813,75,10569,1
CUST_00939,43.0,Female,98238.0,73.0,North,17,969,63,16473,1
CUST_00940,31.0,Female,59277.0,1.0,East,1,588,18,588,0
CUST_00941,20.0,Female,73681.0,78.0,North,15,624,15,9360,1
CUST_00942,53.0,Male,99113.0,67.0,West,13,1032,24,13416,1
CUST_00943,49.0,Male,44151.0,81.0,South,20,449,8,8980,1
CUST_00944,38.0,Male,38390.0,35.0,South,7,397,1,2779,0
CUST_00945,67.0,Female,102617.0,57.0,East,12,1000,84,12000,1
CUST_00946,23.0,Male,81978.0,74.0,South,22,849,6,18678,1
CUST_00947,18.0,Female,51165.0,29.0,South,6,470,6,2820,0
CUST_00948,29.0,Other,38451.0,,South,11,350,19,3850,0
CUST_00949,39.0,Female,103868.0,79.0,South,22,1070,20,23540,1
CUST_00950,43.0,Female,50867.0,69.0,South,21,526,1,11046,1
CUST_00951,36.0,Male,49717.0,34.0,West,7,433,4,3031,0
CUST_00952,45.0,Female,69114.0,50.0,North,11,770,14,8470,1
CUST_00953,21.0,Female,80681.0,54.0,Central,10,768,34,7680,1
CUST_00954,61.0,Male,81145.0,85.0,South,12,804,7,9648,1
CUST_00955,38.0,Male,64401.0,60.0,Central,14,731,16,10234,1
CUST_00956,56.0,Female,80259.0,82.0,Central,14,699,24,9786,1
CUST_00957,45.0,Female,65543.0,50.0,West,13,570,65,7410,1
CUST_00958,46.0,Female,75551.0,,South,17,777,11,13209,1
CUST_00959,48.0,Female,20000.0,59.0,Central,8,76,4,608,0
CUST_00960,46.0,Female,56708.0,44.0,South,11,464,20,5104,0
CUST_00961,49.0,Female,58941.0,52.0,East,15,648,41,9720,1
CUST_00962,59.0,Male,47710.0,28.0,East,7,456,3,3192,0
CUST_00963,42.0,Male,76483.0,61.0,East,8,874,16,6992,1
CUST_00964,50.0,Male,54023.0,51.0,Central,11,488,1,5368,0
CUST_00965,38.0,Female,91857.0,91.0,East,15,902,1,13530,1
CUST_00966,61.0,Female,103912.0,71.0,West,12,1066,19,12792,1
CUST_00967,29.0,Female,52270.0,45.0,West,10,546,10,5460,0
CUST_00968,67.0,Male,68451.0,41.0,Central,6,671,55,4026,0
CUST_00969,,Female,55221.0,39.0,South,8,519,27,4152,0
CUST_00970,18.0,Female,31122.0,39.0,North,9,322,18,2898,0
CUST_00971,41.0,Female,65546.0,20.0,South,4,724,15,2896,0
CUST_00972,29.0,Female,50367.0,75.0,South,20,541,20,10820,1
CUST_00973,52.0,Male,45226.0,36.0,South,11,420,1,4620,0
CUST_00974,30.0,Female,68149.0,64.0,South,21,631,66,13251,1
CUST_00975,33.0,Male,71459.0,55.0,North,10,679,191,6790,1
CUST_00976,18.0,Male,33858.0,45.0,East,11,274,6,3014,0
CUST_00977,33.0,Female,71100.0,85.0,South,10,718,3,7180,1
CUST_00978,18.0,Female,41484.0,57.0,West,6,455,4,2730,0
CUST_00979,18.0,Female,56192.0,30.0,Central,6,558,32,3348,0
CUST_00980,51.0,Female,82462.0,78.0,Central,26,910,32,23660,1
CUST_00981,51.0,Female,60418.0,26.0,West,7,692,56,4844,0
CUST_00982,46.0,Female,79160.0,71.0,South,15,806,41,12090,1
CUST_00983,25.0,Female,46382.0,70.0,North,5,498,17,2490,0
CUST_00984,39.0,Male,53467.0,65.0,East,12,489,28,5868,0
CUST_00985,39.0,Male,61053.0,50.0,Central,12,592,34,7104,0
CUST_00986,22.0,Male,34516.0,20.0,East,3,408,21,1224,0
CUST_00987,62.0,Male,63844.0,62.0,North,20,609,19,12180,1
CUST_00988,53.0,Male,32164.0,35.0,Central,7,396,31,2772,0
CUST_00989,36.0,Male,40031.0,3.0,East,1,455,24,455,0
CUST_00990,40.0,Male,57305.0,65.0,North,14,610,30,8540,1
CUST_00991,43.0,Other,47817.0,49.0,East,7,419,28,2933,0
CUST_00992,18.0,Male,,53.0,South,14,374,38,5236,0
CUST_00993,36.0,Female,47096.0,28.0,North,5,503,30,2515,0
CUST_00994,29.0,Male,64481.0,1.0,East,1,595,22,595,0
CUST_00995,24.0,Female,69641.0,55.0,South,10,686,34,6860,0
CUST_00996,35.0,Male,43597.0,55.0,South,10,473,17,4730,0
CUST_00997,,Male,43948.0,16.0,North,4,411,8,1644,0
CUST_00998,49.0,Female,38297.0,20.0,West,2,340,1,680,0
CUST_00999,31.0,Male,48868.0,100.0,Central,17,398,24,6766,1
CUST_01000,48.0,Male,54724.0,43.0,North,10,527,26,5270,0
